{"file_hashes":[{"block_hashes":["IHQkOJHaOu/srpiqteKnRWM9qU07d6BxP8fLxgHfZh8=","Qo1VOcMkZ2h/P3blRG1FphKrt2hR1AUULSxaEZySaHQ=","Fy9ARCNYBiX5NBX0i9eCmv6LasQbqsM5p1GGgsHVxbY=","AZqcMX8ZhwOlgVdtjKeATLNyXoQcUSpWhRvOlh4RtUU=","Erozde95c26uCL4FxymmnLQtvFIwPJxJQSzg+zTKG40=","1J8uITJT+JtQr1w2HIUJlEIUIlvdHA1DN8wC473XjEA=","KwT0V3aY9olUzQTNZFWxBAncL2NfXr27WpfSZ8Wyy8M=","EN6bAzl1fkX9Afk6mkubSYDs/EDfZFBa8e8gIqe/D4Y=","Ldrp2XhZBjcVkXq8+Ft1zzMLQLiYkUXbGMUfJgKoU8c=","a1w8xumKPw3g5BrVJdeNW5WjFB5EOv2PXkhE2dfUshE=","8kIDvSD/v+Ty/PqVI1SY2PAAGRojl7OCvhUy0vZvtn8=","W1mhCZ0EEJWmOid016AcKZTq3vBHUuKlvr8KpyAoJP0=","nGO0R1NXubf9V2YKoFUj9zmyFs7aBYYkT4z8CgQMbQQ=","uowUfInK87mgIRYswPvKCx4ZygYidMETbaTno4RGFyE=","n7zk7aC4P9HnU3FNercS+XrTDvVN27WVwofuFi34k4M=","Y5Ae8m37WJyDvwVII0yJd2LHWArNFPOMTdlivmgfchw=","cWlxb6GewYdvQ9EJpcsGSE4XmouJJRSbCHechcXBD3Q=","xUSQHFWwaIr3CLOg+HyJrv9Mk9txrgYGAYuT4aSwJcg=","n4ag0AWs1avv5WDRcLu0LSozNC0Ni1ucmDJoeoZgnJA=","ubyg4hEUGOWP+Dqn0Bjl8ypaIMlb8uEoZ7ZggU8aGgg=","ElA392C4z/6Wjj2C1LqKfpzwg5GGXmrpolF8iRvstGg=","Ehz1AzvTNK2Fm4qjE7tnvVWLM2ft09kUeGvq/n46iQM=","zjSlmSxwuvNcqtOSYAtCVYxkp4c8sOaUNNc7SIgq9Is=","KouavAUt2maW/6dNdNeLgsugAP0SmwU2IVKC3ZsSjR8=","97eRMxgSZJth4Huw0NTxGJG0BMqfcsM141VoLrnCcL0=","C8GceY9hRi6rV2dU1EQgymGlL8yClaFVjlsCwEGMNHA=","WJnHg4qtHv0l0fbqpb9M6ovprtjcnULbMk7Dv50fwDM=","9oa2NzPGT0F+Y2VBiuSb3gA83w/z59p8RRyCT3Eavz8=","k0Xo0mTBGpdmixkj/wsBg0hrPVnUWGJt3OdukQGP4BQ=","sWiQGUx1SiXpFyoKCjsEx3LK+Ls9dnQQSdtEZuDa8Xo=","Z0Gb+5ZSKj4yKMjiPnv9clAJ4RjO5HswGffKJrypdDk=","OI8p6M2/NUELyg26PqBALByuIE+82fS9iweraWtmaKM=","bYhyG3QGBFiF3yf5pZKI0TvdUmpGukF2yJR4pwwrZS8=","09LpRLzW3UnH/mai7USMw7subd/Nv5jb1dQB+5b8ZF4=","Aipc/cSoaF/+fiB+kGhC3CXyZNqPEtAhiyI5oEva43U=","ZEh4f7MC6AR7NvObRQdhZW2eTtiI4r40vcwXakanyVA=","FQYGJI1YP5OGEwcD712AIjenSxEB/+WspK92453MBjI=","p6xe6ZNtR7VmjYyfHSqJ2pZwiSG+gcGDEKRQPlEnLWE=","kK6qT+5kcTaQ+Xcnwu3R2AqBsz8u35Ta6O2g+rzJ22s=","2mHuii9GImY7/aGBHOi+5FACyrBrLCxhgMP1Y6QZdiM=","m1yMjc1YMpliweaIwYUe2/okem0iIiA8fDOIXlcCuSI=","1GWZ6T/bA/CZXfZmkZ+27UWemaobeFK0wKGtZ5szh74=","UfwzxpeT+X0+R9TZvGVQcCAnT4oZB5gMohX5Mx7kN2o=","N0l2NtKUHFUulWfFJQooxQbE2oorD3AaUvGcvRFwQhQ=","FspNUeVUSgr6iJUiGee+b40eNTq62k2lTGldv2+bO9U=","0P17uw09yz+/weGt71JQjcO1weLw8mvGZte5e1/Zos8=","1sCTlEI6dg7TMlU7bz9b12MJCJLV2j6NH1fzkXWkhhc=","Xdv+JtdkoYrr+y5oeeoolUmhGJeJcnDIGjW9PXWUJSY=","YfNhOBGzM1KbmZUWk4MYyKFCL5LSopl+e+VSTzLB7N8=","FGnDszL1kcMI0DGuFjbAY1zMKJ2bycyc9NhezF/+uk4=","po9+RmQglW3xCU8ucYkhcwvLWfz+2iPfz64oWSp8AgE="],"block_size":4096,"path":"background.js"},{"block_hashes":["fsxsG4Rc2SQcFMhguccfZw2HuTuzhwAZTAIj3UG/Yko="],"block_size":4096,"path":"background.js.LICENSE.txt"},{"block_hashes":["aFAYdigMRCN1H4HzWDHbr92qNfNgjS6kqB9egfmrzOg=","iLalPe5/B0KZkE1PHi4FMH7WbH8erl33lQ1YfsGZbSY=","ns8/wM72Uxvv92FKJnSDu0PPA5fGrZJFQGP/d+W1obE=","wkk5Ll/GHoFFwuhap9in6WjCE0Un3h4x1mI0vOrasD0=","v8/+zM7PkEFmJgRkaUVh0x7Gqul0sNG8JWPN7G29fvQ="],"block_size":4096,"path":"content-script.js"},{"block_hashes":["ox+InrSmp7lplBjY1RVezEKznLrWDtHhHYzUAEnfxck=","9co8TxWzSRWNoYD5111m7kQKtM1KuYKtBw41/afDurA=","A6+dq26TGDHO1scs2W9PPloluBVcbO10WfCvsBqY9Ec=","aS5FSDt7p0DTZNRdu7OtSRyxwvFQ1Mz++EPU2D0lsqA=","iwJysCgOOC017H1K8dkvWtVQLKs+JlpecMDb/D4v4KA="],"block_size":4096,"path":"favicon.ico"},{"block_hashes":["pnbxoJZFnhPrSAYqmqgZ5EtXxvQSTmx2EiE7DcdOtac="],"block_size":4096,"path":"index.html"},{"block_hashes":["rTTGnDe0m73y6TmYAb09iCw3PwA4rnjfhRIvSt2cGMc=","m0RhZhxT1QMRQ0+OKff6P3MjMKltFy2zNI8aEDfEXSs=","D2z4VJkHxjNH/O51vbMTCp9urSSpQjzyxn1WKsq8ve0=","z6Gz7f23x64QD3voOnFRuH7e+epLQTdosPnQ04CIgOk="],"block_size":4096,"path":"logo-gray.png"},{"block_hashes":["dlMhxXrJRb1D3k5qC0CaGtZyev67bUl6TOfZIsjD/2Y="],"block_size":4096,"path":"logo-gray16.png"},{"block_hashes":["PQHnxmMBpmXfllHWiw5akfU7/zR7vtJUCFBaU5yA5/s="],"block_size":4096,"path":"logo-gray48.png"},{"block_hashes":["nwK9+YYyZbf13sDPA/oD71zXfTAZ1jiOX+WL5hjwdbQ=","vIvdZBFfkpGEhEOcKYPbbEjeVY5ZM174dVyefCUnvQc=","goObglbBU9rVGgsUQe28aAsrWxpEiDqF+pVJgJt2kNQ=","vgHWQ+QRhH4FP194LHGfQ9VNm0sM2vKTUEf4iGcQpnY=","fqzkkVrKPELh4VhYE13Js7NzVpQ1cZC52gazN1KE9Z8=","PRhwAmFRdGtNWQeO2LEU5cIcWp7iPC22rcqxih4jpYw=","Va15WJ/u9jM5uWOqXvsDZSHZfkglLCMgazivw6bb91k="],"block_size":4096,"path":"logo.png"},{"block_hashes":["RvFbmWQ37t6xGHBRVBmTbsFoLqKUips2NG5br+SwVOY="],"block_size":4096,"path":"logo16.png"},{"block_hashes":["wmbmns/Kr/tb2lyzkcSTL1uMYGOh8lmeIJKmFGI+w90=","p7/NKWPLNMlgla8rD7JMIwkxCp+klXyk4mI5qb8njTg="],"block_size":4096,"path":"logo48.png"},{"block_hashes":["ljcOtC54/vR8ye76wW43zwrWuu+2nMDhTXw0CSNKLoo=","dPU7VgLg0JkcB0+xuZLfOMfdMAehEJPUCzWwqkGYMDo=","1dpSemyXUn1hckdmGjUm0bIydHZZka9/ruIoQaRanPU=","ikxjttXLZdbneisYg00T/duEnSA8azZyC8vTiQUnKLY=","8Pz+cZW+OsA6i8qljH0T7Wx4eksBG0JiFOr5wOxNijU=","72m58L2l5gpOdk9hklT7Ja9r9/6tBOVY8/lubx8wQgw=","vhzJkOWdi3cRpwq5lfvkQ7yjqjLCI8TAwTgg9jLqGjI=","BOZyfbFqtyBH6IRuVXDXZuKfOLiU2wVRLg1nI+4kC7g=","dqM27nLjve81uIDxeGlacJvi0oBQVMTDT9/G3cyzvbA=","oLLFxJXp8SCQYuceJtqDAzxNalm5d4SqDaAV/0o3BjE=","xwHsbuAJAJDXXOJh1VCiMCsuPMQWE5N4cssRgdh85ro=","OHShQ2agMp1BkdRvC9mzoxo/oMDZdqRw49Z1pc7AcLY=","BWqwFkEUFuzZF9zxTJZc+cYaLo0LOP594LaVTb4hu/8=","dFd1rYtBuYn3BufAGQHymY8DCkSgnT2S7f/SijsSF20=","rGisJc5ymmW741nY511hj5fdg1Xi3hGZJ5RjuBnPOdo=","wLNmZtDJKx5pb9uOwjZGyJuIDjhAtLpTqDISG6DqJnI=","alBTLjw/9ZfHmr/URqqyQdnv/b3mV1MBOk+ZJ7xnff0=","kjmdjRPKuu1i7805tt1rJ7ntcmL5yUIf0L9C6bSbspE=","DGzdDpSjQw+pyTINIMgMVttvr5u0BwIG1PgYe/VYND0=","MpLAUlU+2F9WkFPbOjg9/YSUfWl0FgEajsLBpATcwP8=","ojiSxJpDrdJ1aqzkfUDH3EZ6qyWh2gn3Tpz1oPUiGvo=","WkgRXGLB5bYZQ5a7ArbB907M4IFwyY8MdJkHbKX7dRQ=","8vT9HNR/0tP5WIagO8mmaSZPflBKypAvnRkg+g/QLtY=","IC0Tey/gJ3+Cx5XEKmzvIFRit9+xQZ4Rty3c0V6eMv0=","30QRTf2U+u2G6/AURoVtt5qRyscBhScnhecUBWZoxXI=","CkWlLCEixlwovOOEVhVCfdB5YucbdMBuWysdUZQpQII=","PXEocSkxLvBq0dXNBhIWsfn1TX9yYl2xuA0RgVyscJk=","Uz/ribbBw/K4AWA0sxPLTlNKQpQ7AdCvC1BNNQLPppY=","i0YX+xblv5tFktePx+801x1FJ1zOfqoUDp6G48iQ2mM=","ny3RlrNAzLaQsgCOIoiM0nqpsi14YBQlEAGyZvMteR0=","ASGaIoZyFqCvEqnCdzM6SwareCGIBnu5kObSX7AAEvg=","5zeydi7mlGmfwM2u2lJf+MVj30LeU+Oo54ojZoGqlcQ=","oQcebCWqmcPVPA3zMblFqLNhL22gPL8A3UBd/S98/IY=","C+xxv34QjKFJKUZKWkO1douVpGZKop+daeNA0IHA3DQ=","ixaPox3MSuIUPnY7B/moLfIiXO01oOkVu4b2mTcD+hc=","DNtCiD6xOCi0IfoFSNV8ZVfb2hdQcg3rTYmWBEQXtW0=","cy1myU/EfArU0B9n0BJrn4RXZIgf9zQSO2YVWgo7S8g=","rNGDtzWnQPLvUqQe1JrZm0eqL/RUsVBBuSTvlY1zWZw=","AkBKUzxySDiD/uRwxCNxeqhsaCfbWj8IE/nNTtODamY=","PyZ81tTE+M0EZB6EChd0gMdNP94jEGpepKbmqJMkpc0=","lAZaRSlkpzwpV9mUKl5r4te+OygDnlc1RA0tXRsoGhI=","mUgGX+svamyZJFqGPOaT5pe8oGyScGKs4u7QKpiLwmI=","UBilyI5pBlaivGJpeASYHWZokiNx3STMIDJxJUkiWVI=","VIAZ+ri0wIaHqBVy6ccrL+8Wvf12pRweWuhj4vS+RkQ=","peLypF+nAhL0aRebr8xOi3NZP0DIvw4uc/yIKnmsZL0=","Nt8LcV+VhyIrr6blUjRMTr4ryFOp2hAzG0wMq5uzh1o=","xrgD3/KQkR5lUyA648uDcGtA/eEKjyynwMCfTpKdiVE=","Y1DBRF5e6GQEwo9lmwo+WZ4Q+5LzCfamT8XSPX5rGJ0=","6nHKPXKaEp5hMs26DX72L8w7omkYC3qxE639ASGAwUI=","tFgQvyKkT2jIg6/TPxm/LgHY/nDYmK0dAPNY1c8D6cs=","B4TwvirNIWOirKZ8cRpRc3w6tb2KOYDc1dutNoZ6/nE=","z1qCW7ZQQRW7skezjZ9ATU/5C8+/5udW9Urn1A3PIQk=","eU6Vk27SmnLVa7UMf5PslMer56EkT2N4iPKNOs5zhxk=","nL2aEl3z1t79JrCFilLyNsjWp5ZIBRrp/YpsKVASL9s=","YYg9xDZeMZerO/KkgmH5LuWzECcYFI8JnSUbdG4VX04=","ZPLXl4rA60J4lzb9X2rGcMp9Pi83H+n2IJn2bkf1MGw=","oV5jPR4oYQ9VX5PydXgPfUXuFJRUE5fJHoMyane20T8=","qrjxl97IYV1Yh73q3iKSaMM2eDtRg5K+Ll/Q4CmUwjk=","Mvq+b8NgoGHmolIwa2U/R/DR/ANiQMvQfaGYXwEuWKg=","qgbO9oP8zHNCBwp8/y/p7nmELx4+UwppiTFORSFllHw=","n295Z5ws6nCrC2BLuMey+X98lO2f7aF4ppCK6gYRN6s=","ShkAI8fpggqvdJUqEUaxgKCdPnKBprvI20bJ+YJWvNM=","hRaPzbEXXIKReRtJScVPOQKy51ZGZ3TuN3NLE7kwKBQ=","mEeehW1agZsnxjdiicYjv1mu2pG1xgjEzd4zzPWFHs8=","q1gotR/fq59CCtoUoCW5g3w5rwC0iik6B2A3p/ILpoA=","tPKfhy9l4heB5oa+vol1mq2fq2hfvScen58zQFQzGto=","/XMM5b9HJ4wYeV5WLImC0MJi623ORjIlnvDf75UY7hU=","JOLZJuy2TKWMa/zx7c0VeWVS4WXlyGzViikcWXHNQi4=","1SQeNKnap70JvRDf0ItShIiEqTQfbwYeZ7ttZ/3PVaw=","ptntznVTJphMVLXnR1igW51eGveBjTz5LABY86sYSGE=","tcZYL4N5PSAnnuR5AwsUNYm7DbdrQg8LReyxXNHvOmU=","LlrJLlC8fS/JD1TfJT9t1K1Sp4fsdpsf2E9qrtW+U18=","dMgfV630EA2DHtoOFS4OVXbFGXyOqUsDmqmNYTJY9ps=","AJZE7njbUF9kkTDdPoWR422blltX5EjGDJNMXvOYsU0=","MxSJ9qzZEQeMlK/aFO2uhe0hWK6yaVZ67P8mIPJjY2U=","KCyULuuzfg5SXr+FMsznu7HScMawVK4nB/dnaq2Fxu0=","yVBmZSv2kLLDc8cHp68Fe1gGtj1LNR5uRmjDv5rtjEw=","ENvbPbh8DdyOmkWdC7iy/cEOOhjQUQYV5KC0/LlC/m4=","e8eBA/3sm78b7HE3N3mEMWre3BMjQCSXu8xClNI3LE4=","99gFihbnbGANLBlHTChibMtYDtsE+HnbxXxN5JDieSg=","UssoZ9OfRW7ks9qMnENzo69OuHGIvY/YfJrV6KqRccQ=","rRBpHOcddkaceHAJEl79oF1cCCD2y8tpePig5rte4DU=","aAaryRJob7gRXvQZ3JIYsDgF5RV+XvjAb7X3KsRVtgg=","86RFN7jxr/vfWMLzdPsA+f4t03xsgWqEk00Wfg7Snz4=","11jGEIvMwikgMNSCyEflIAaYMVDKQDCsAmwteI0A51Y=","CqrwGlsKSqaLxTf2nVZjSp82k4jjAO+hHJnVCGQKXg0=","v2t20UC55HdGugcerwyzid3ZDk11sJXory2X9isTcWI=","dvInybMiaFs3evhoEQTn0n6hoNa7uSPo1xWJZSryyrI=","Bp3CGld1z7yvOkxP2ze2jQHgio/ZRsLL2OAFwn/gzsc=","96NmX+y5pswRcBy5ZrU7a3VqynffpyvKhwPTntjpJTA=","1oP1JBvWIzJUHe04oSze0267VxoUOZ8t0TL7EdWosd0=","1kIdlO2s9aP9xrhxeS90IdwcqaNFRv2TkbUdHG6CQSk=","c1hFAmh3QJy38P7ecdkEwG5cDVzE+g9VCia6QveSCp0=","XT5EkpLoAovyJKGzY2jIOVzXFGtbygs8ya6y6Wqj9Co=","ZChhYG7Q0u3Mw/aHPAK5nsBHuuGMlAR6cBfT1d0sERs=","NDSNQYW7BsgVucXX1MVbkvEUH/PflkGsU6hlucDzEUA=","ltn3KWWjdgBjJ6Xjw5aC/H0GdsfVzF2TLVkUF88WNBI=","ahlTWLrTZVzc8JDvTMqFxC8djSFXvg8lgY3N/jYJrb0=","WXFgUtPaxkSDTj7PUUEQICQzk8o8vfMmKM9uJReqZMc=","rjVA20zKtW74rJafm509OgRDXhteYuhYz3EKfMpBpfQ=","SxEpE252hZ2OATZO8WM+CE6BSgq5LAZg5TUoU42ZN1k=","bRmAIICQgc7ZXkSRUugvNqZdCns2B2VwE2wWM5FLJpo=","8fDYmq0LRp0G4pjSZ404k84OVkzOUzkaHHN4pUDF+Sg=","kfkVGLdEKLNIhgws/rq9T7yLcTm2ZYVAbYuXGOkOxv4=","GOF7CQmSW0n6XGfu8U5+VlA8u12tb+fBe84hy+Ifi+s=","4oU55LbCUKgEHxqmnbc0ggWhxg4mwH9yADejmMThMLw=","r8zXu6oKCgr32EXHnFv0AmwZJfj0Jj2dFHXUHebSuCM=","AC1AyviDx+iLmWQDpJcFbDIguMKimeKl7EAMfcBDGl0=","WzhaAYiv3ZZuNP5pcCvuItYxcgtjjsLljn9N9xDbe6E=","bGkORBqSIcupRqBfj9KrJbDhzR2PYyj3zMBny/VOFFA=","3LK/+xHW/ID2MAPkXiXbZGhAGthbfl49GGLEfCysfko=","GpCggLHv6O0TyoupCQKpXy7joCdZyQjt4NwVdUtG5mw=","8GqiG9SOtqTP6IeErwv5iHjcg2MfgLkE+2zFMm2f1ZI=","I6t4fUcdMqnppEw+eD/IbqJ7GVoEYMsWJ4PXONjPdwo=","iPnz0etRUDmpL6Ikft7YB/Rzo8Jn1levw/J95xkLsMI=","PcckVwlvVjKdvGKW3PnvzmCMhnrk3AX43JrikljXwhQ=","u/LwXVWnsqr0xQBTw88lreXbNKId1GSafEYztyoh30k=","7ZDr4Sr7WA1YmYyDCYqyLGDhV9bNL8gsVCheBllSFD0=","BEZdYMBFnayHWuYaTT6lE+Q0W3eXyUJbvY2RolpNHio=","A0Mq2bWIw0z0wGcLiwg08I1FJ/3Deur+zaHiWlqOmYQ=","V9VxuaAETmmrV+SsLgmR4hAmaToCUEx8v0c7hkLn5SQ=","kaOYQWowMEy2GOxSxF6Tq3l/Yd6imjjP2lXcZEL0t98=","e5To/M8Kgpxa4TOo2bRq8QjLj5T33e/imI9hIssh1z8=","a9enNoqO+mlPy4fJb20EvU72w/MnGnS6J58IgPaHqxw=","jLTh5eKcDw064DuYpK7xhz8YeUQ/nWN/a8xgU4IO/Mw=","5MY2xMrw0pj4gGHP6mNg4BynNXyLP97blzR8lh6V5Mk=","lPQ26RcDLrmxrm2MvW6fleNXdP221Y5U2C6bv3OCleE=","MQMEVQLaY1vRoshZMQrgLvtwefNazbCbKakeGv6kFNY=","rtM+a//rmWkMUvQGxUxfB7ps+bVDwJ7LeO8K85Q/+Lg=","a324dj4Yk0eqofk7wYxgCHZukDaB1+1/L5j8LHU0XVU=","ljgHTN1NNsnXlz8bo98T5twiL3hVd+ZW6sHF7VSiBPE=","YjFrKokAkzquupc5/MN+QFiFxYYW/IO2DuCi3KZoD/A=","zj4yUo62AWvTOokVa9kNDr0c6g/V0JQ5e/JP7hPjvPs=","3SzG5lTPmB9vRIOQ6RrQZSJlTCVMoNgWnAacD7R8M2A=","AdJAy6PIGBOX63+8NjeHMclzWQLH3MkDhTr2gkUVF3Y=","ob6g63/l2jAYkxnLZTE9D6ojTCWaITJlsJh3P4b/ldg=","q42xDdhmVRD7RLVAKIBzdqq7c2F48U+EC7y8mOcBKag=","Bz4IMP+5ljggJs+M4Fbro5/sixSCFlweUrtPAZEo0xY=","34391yd+NZnY6PEO0ykNswVckglayo3f5oCXGQxhvE4=","g/ZXm083rFZ5K7mKGMc+DyDx1gaeVV7svb5rtzU97Qs=","xjHrbcbQu9nDajb4Ehn0X2ZLBVyFQxLWxOMKE88BCm8=","PaZwGVgTVCi2v6GNN3LblDw1tVHysYk7uwrDl5N5b0U=","c3ArJBhE5W/ukkOvE4M6l0MU694dVb3112tQKavnF2o=","cYAY+k8xXBzZFWyJFxRpqntKDSe+DgU49OaACmAPRQE=","iK8sH/7u64CJ/piw6WX460TBM5OwcSuVXnGQaOTB6bc=","qTHJrUEJk1Dn7gXAOiVXgdZyaQIhwqFUcmeBXoMpJhI=","8621o/wV2ikBc1JBzqSm8OXAlgf5TorBk8TPImDVQsA=","iPYFgNzzz2UYZFlRj7hk964Yeq/id2yCcnDA92X1Y6Y=","2rwWZpHeMrROXQePvJLTRVlXUA8n8+eJVcOMfx9j3nw=","wL7LoH1G4KjHA3EDWEwClCWUGRO8Fu1aD4Z4INRWyFM=","3MKZe3PAcPvHwf9Zp/zKgYNS9lUB3lx5WC5gXVwvCj0=","5FXSY8EyQ9Mk78q5nV60XULn+d9J59feXwuPifZEihs=","alKRXWdjpsQew9vNhLSKpWcLUFZNDT59dLGis2Rl7xo=","xm3AJlt5voUm6zcWxCtzekimQcEnDdxhiXVaTKjee4E=","rt/sC7NtDD7Nz7EnnCCq61bI3mSmxoqrpO1QNCK7Sp4=","0a9YwhXaBBR5ECcP/VD5RnT8oyrrHiWAfcjsX/ZLvWs=","Hm9msQD129pKBkYEfhSgbrJv7S7vkLqMqfVsmnz/C4o=","S6bLCKzatjSI8CLb/pbBkSq48T+0e6Z3ILNDXeLPCWw=","VCynKdpjMu2+NSy1IIwqelBfafnYj81QqgUfXV9CZv4=","51qViFeMnPB+hQ/sFBudDu1HPj8LC/97BxwlcTY4Wrw=","jrPdb3Py5dTjnjfSB4AqA4QMqRngzPJZwKCruMFdwVQ=","hmemNbZrcLzDwYGIzFXgewal12ZXPhpbWAWLP+Bz/VE=","YAt2qD8BQndtlfldhxZHd98NrEoOSbFQ3A37lOYZodw=","glKjYG6RzO1juvBOJtOhRjkjse/i4UY8Qp0FeNrXXsU=","/WkVIPwpq6glnrUQRZgJerTcJ2c56c0DEZIBw2mUiFc=","fwbc9krMzGf1OEE/dOATtVjm7hVzAjjoDklFKh6keks=","Hxz8K3vc1TrXpWd0ufD/5V4lGjhScl4mb6YjEBiK5EU=","rHJeHF07fU2ovM8AOCKlKDVlirsOOeEcgqvqj1m4edU=","B/6UIPVtMr40BEln4vxdtEmpTXDoqWdyybj9Mz/nYk4=","OfkQp9pWLWwZtbMUM3NVL/qz7MRaW1tr5bhfa9N3ZjU=","vjtilPKkN0qU1g8cxxP19yIzUHLzBemoEwUeg3mf+/U=","oHzpJ6GLBeSjYMDiCJZZflJvtcEmVJGv/dJ30/szUS8=","+AvrI4Pu65B+FRfEUk9kbW7RkOxxHIVK3SDC5OGoHSw=","GVl4qRwR02wD9ZQX+w4Y9KCPp/E9tGyvgBwBz8ZDslM=","HjYFIkemNF6CxHgGn4EX/FVmHZBJO1ms6nCCwiw8o1U=","oQbJMHN0qpN/PEZtZQChckgY0ZQy+vaM7WrnfN6qLug=","ZKPCWb3zoH3PTSIwfQ77vhVBGJymjCl5jm1oq9J/8XE=","H2E3tRjVrd/YDFBbvPVrZolewTynVeU3K+aIasC9crc=","238eSruKDc5UHBbhm3kdPhHH8yTw//nFI9yFFJRfvz8=","hRduLUMbplqIG9bIHRqJVHPSvkvE5UbFkQcFAeAm/P0=","W7/GDk3Bo129jw8FtKxBhZnkh+f8K/Hyw2ZqT+/7Ygk=","8isOzAvts5yA6J34HjWYK7OuJWzJOlNpHcZT66ZfQHY=","lt8HrYPQpvcFJhqwpN16PT6esazLWA41DPx9Z9EiFMg=","YlKUUj1Pso6RLh9hl57mxeIQodw/rjIyT5GhDFZRwFo=","Dn4oJ3nMoJ/6XRc0Wd9V9LRvvyfn0Co6yoCRepd0nZM=","exgg3HqxU/mrCvGyVXpYd34Nt1KQ0XlxN3e/gZisIPk=","+9Duv08NIjVywMqBZCWAkf5Vy8vh/h0u0FMisfjF8cc=","X2vBwEVpI/4rKzUUibh7x4uymQykZW8jPXNea3eYvkc=","xhp4FbiMAIYBMWdspbRltZAKqUzDYA6pyLw6/4ZbKCg=","yyeqpNr7wUp3Z9jnnQakJ5xS1ZBVM/srI4JnETWzCmQ=","8BXBWg1zaeKxIQLWMzRBoR6q6aemyQm4e1h/lhGx9No=","123TqQJ927jGqMDwSSXsy/jBi1Kn4SQikozVWxXbNhg=","fsTd/NbaVecREBe4+RSi9vZCtjfLPAgmMEDTrQiaEzg=","QDGp7LFbgCtk9pL4nC4wz+5asltY4r6YWWVAx0ODMIU=","JiSHomE3ZHThz9TIIoYh/ywApi74YbtJUaA1cqD06pw="],"block_size":4096,"path":"main.js"},{"block_hashes":["oxP04RrBiSPgXH4wXrCcPYq7WFFmQGMtGs/WIf9hz98="],"block_size":4096,"path":"main.js.LICENSE.txt"},{"block_hashes":["wniIPNrkVy0FOrhknYE8s37cYbtp5DHTVcHvLOBWqNA=","iLalPe5/B0KZkE1PHi4FMH7WbH8erl33lQ1YfsGZbSY=","6+QKrfQtWwZRfXhg0Xi0OCASTOakpwNE4/vsJgNypxo=","BicL9RG7uyYkjG92+YA/hC7oyUoIv96+6kDsPbkZBWE=","CuYT4Lic9asmDp7VfTOyJ0DfTAOBTf1zgYf3iWSOHq4="],"block_size":4096,"path":"marketing-site-bus.js"},{"block_hashes":["cB3qGmc4V0W1AHS7l4B2Gpabil+wT3utnuv3/qIye2g=","+zAcqBMR9zb+klsrHERn4mq6eu4LAR3v1h1U84JGzoc=","v45CCR97oC7R+b/Sv8be494TB9UO6vUCGTcvCyrp4SM=","MNq0b84TQD0opjLb9ZvLX+yUVktcXE6pXGZ5Y6AKkF4=","jju5+HZt4Aj/fPsz5gznf+yTYlFCMn6d33DwmCnSdi0=","/a3D3P5bFIt5s4MzTpsbkOfHDGh2ZpCWDExxUrmsAEs=","ef9edjSnGGWnVAWewe24YtAKbasaAaAiqQCYXbf86c8=","nNSRzpANmSL5lcZXdJqRT4q5GQRPh5kS9pIUfFcdDzQ=","zmYvmCHlFTdD6VZN2otWuKVEZHht4csrry0hVco+a0U=","r4jCaud2QcBcpk9qaQ/WUdoeeuTxZ+pPP+UwaNkHoe0=","QixpHHcza9wn0HrWL/z7hJXwOs5Q5cjnkF2+ZfjVdc4=","hBwIT7Ul1qdCBJd5HMC6UcVCLu/98wczuKm8xOhugqc=","dTmt3IFvM787MqYWE+dxXDu9epc7tcLUVg9asuSruVs=","oSuDOUWbKzfdj3vmtUHd5Fe3Lkpug9NR2u+ku7s1iYo=","yGtphax4A0FqagaMrmPlj0NmeLNNEMbVs8Wiqu7oRA0=","6qzl5rMiTmZuNffO2kTijdD9nhyanlHqsVJuIVD3sYw=","2FHErCF5TbjY0JLBYguQikR3jbSS+F/fAaqSbaxOczE=","fwuoS+AKjK+QOvzifJF3/+gFF4lN8hcS16rX43/s7VU="],"block_size":4096,"path":"static/css/main.af75b0a7.css"},{"block_hashes":["C21lWQrY1ufYL9Y5ySKK0Xg27Sk+bjjPm2Muj3Rp9wE=","5ddZMsDU5vEPL9jl+E7oKxoF8tW2maisbG0UfV0Ac3Y="],"block_size":4096,"path":"static/js/5.d1a84058.chunk.js"},{"block_hashes":["E7hPapoVvgsXHo8LYplBmdygv6PwOYtmbH6ULX4LtvE=","KVAUsSHsjDw4KV1wfVs0hgZXil0pdfCFkoPFl9gN9a8=","hIuxlfuwvlnB4SWBIDeS7zok3ZdA9afdiEI2oyUcjN8=","4TgbhLvYo5Hhv571ih0bQ6Qxdn9kFAE1y/FX68w4gQ0=","OUKtrXDSIAEW5hRKfS+LuOcrRUl0A2kaPeOVJF2OIAs=","ywTkghxeQ2XQYM3ckynYfQqw35/r/xhLrXwZusiMLoA="],"block_size":4096,"path":"static/media/logo-beta--dark.ccb804e9.png"},{"block_hashes":["rTTGnDe0m73y6TmYAb09iCw3PwA4rnjfhRIvSt2cGMc=","m0RhZhxT1QMRQ0+OKff6P3MjMKltFy2zNI8aEDfEXSs=","D2z4VJkHxjNH/O51vbMTCp9urSSpQjzyxn1WKsq8ve0=","z6Gz7f23x64QD3voOnFRuH7e+epLQTdosPnQ04CIgOk="],"block_size":4096,"path":"static/media/logo-gray.f7e62c4a.png"},{"block_hashes":["nwK9+YYyZbf13sDPA/oD71zXfTAZ1jiOX+WL5hjwdbQ=","vIvdZBFfkpGEhEOcKYPbbEjeVY5ZM174dVyefCUnvQc=","goObglbBU9rVGgsUQe28aAsrWxpEiDqF+pVJgJt2kNQ=","vgHWQ+QRhH4FP194LHGfQ9VNm0sM2vKTUEf4iGcQpnY=","fqzkkVrKPELh4VhYE13Js7NzVpQ1cZC52gazN1KE9Z8=","PRhwAmFRdGtNWQeO2LEU5cIcWp7iPC22rcqxih4jpYw=","Va15WJ/u9jM5uWOqXvsDZSHZfkglLCMgazivw6bb91k="],"block_size":4096,"path":"static/media/logo.586c7e24.png"},{"block_hashes":["Ozc4P+dhS6MDbUn1Ojw/tKihuD1NftAPjSGNiplhjgc=","iLalPe5/B0KZkE1PHi4FMH7WbH8erl33lQ1YfsGZbSY=","6+QKrfQtWwZRfXhg0Xi0OCASTOakpwNE4/vsJgNypxo=","PJ67gGrtrBk5Ra/HW220naIW4szhTycqQTBGLR1HfDA=","lbVFwgedikyHdV3pNrQrp4m0YALeZ1tDHKxgkLnQE1c="],"block_size":4096,"path":"web-app-bus.js"}],"version":2}